City_ID,City,Country,Lat,Lng,Max Temp,Humidity,Cloudiness,Wind Speed,Current Description
0,Carnarvon,AU,-24.8667,113.6333,62.98,77,0,19.86,clear sky
1,Binika,IN,21.0333,83.8,75.56,93,23,3.04,few clouds
2,Baykit,RU,61.67,96.37,34.41,99,100,4.88,snow
3,Touros,BR,-5.1989,-35.4608,77.09,81,1,11.61,clear sky
4,Airai,TL,-8.9266,125.4092,60.21,85,94,2.59,overcast clouds
5,Namatanai,PG,-3.6667,152.4333,80.02,73,100,1.68,overcast clouds
6,Broken Hill,AU,-31.95,141.4333,53.71,93,98,14.25,overcast clouds
7,Vaini,TO,-21.2,-175.2,77.16,88,75,12.66,broken clouds
8,Kununurra,AU,-15.7667,128.7333,75.18,78,6,1.14,clear sky
9,Los Amates,GT,15.2667,-89.1,85.57,68,100,2.62,overcast clouds
10,Ushuaia,AR,-54.8,-68.3,47.86,57,40,11.5,scattered clouds
11,Maragogi,BR,-9.0122,-35.2225,75.49,80,1,7.81,clear sky
12,Charters Towers,AU,-20.1,146.2667,68.29,89,32,4.97,scattered clouds
13,Bluff,NZ,-46.6,168.3333,48.79,81,18,6.08,few clouds
14,Aquiraz,BR,-3.9014,-38.3911,82.49,78,0,12.46,clear sky
15,Pisco,PE,-13.7,-76.2167,67.01,68,0,17.27,clear sky
16,Saint-Philippe,RE,-21.3585,55.7679,67.59,79,40,11.3,scattered clouds
17,Provideniya,RU,64.3833,-173.3,42.91,100,100,18.01,light rain
18,Mount Gambier,AU,-37.8333,140.7667,51.71,93,100,5.75,overcast clouds
19,Hobart,AU,-42.8794,147.3294,52.05,91,0,0.0,clear sky
20,San Ignacio,BZ,17.1561,-89.0714,87.94,62,40,6.91,scattered clouds
21,Saint-Ambroise,CA,48.5501,-71.3324,64.94,63,81,5.17,broken clouds
22,Rikitea,PF,-23.1203,-134.9692,72.9,75,4,14.63,light rain
23,Tessalit,ML,20.1986,1.0114,96.17,18,87,0.72,overcast clouds
24,Darhan,MN,49.4867,105.9228,35.11,69,5,1.14,clear sky
25,Castro,BR,-24.7911,-50.0119,58.17,99,100,4.47,overcast clouds
26,Georgetown,MY,5.4112,100.3354,77.9,93,40,5.75,scattered clouds
27,Thompson,CA,55.7435,-97.8558,48.36,57,75,8.05,broken clouds
28,Kapaa,US,22.0752,-159.319,83.12,72,81,8.01,broken clouds
29,Atuona,PF,-9.8,-139.0333,76.26,81,74,21.23,light rain
30,Ancud,CL,-41.8697,-73.8203,46.22,77,69,14.9,broken clouds
31,Punta Arenas,CL,-53.15,-70.9167,57.31,38,0,14.97,clear sky
32,Kaduqli,SD,11.0167,29.7167,74.77,81,98,3.89,overcast clouds
33,Saskylakh,RU,71.9167,114.0833,15.12,96,48,4.74,scattered clouds
34,Jamestown,US,42.097,-79.2353,76.59,83,75,11.5,light rain
35,Zyryanka,RU,65.75,150.85,32.0,90,100,22.1,light snow
36,Bredasdorp,ZA,-34.5322,20.0403,51.64,88,6,3.09,clear sky
37,Antalaha,MG,-14.9003,50.2788,70.21,93,100,9.13,moderate rain
38,Busselton,AU,-33.65,115.3333,45.81,71,29,7.61,scattered clouds
39,Ribeira Grande,PT,38.5167,-28.7,75.6,83,20,5.75,few clouds
40,Taoudenni,ML,22.6783,-3.9836,93.4,29,56,11.52,broken clouds
41,Alofi,NU,-19.0595,-169.9187,78.69,78,40,13.8,scattered clouds
42,Phonhong,LA,18.5007,102.4166,73.58,95,98,3.2,overcast clouds
43,Yellowknife,CA,62.456,-114.3525,55.92,67,75,19.57,broken clouds
44,Mataura,NZ,-46.1927,168.8643,48.47,86,24,1.41,few clouds
45,Geraldton,AU,-28.7667,114.6,50.41,93,14,6.91,few clouds
46,Sur,OM,22.5667,59.5289,81.9,71,2,11.39,clear sky
47,Along,IN,28.1667,94.7667,72.72,99,100,0.74,overcast clouds
48,Pevek,RU,69.7008,170.3133,36.01,73,1,7.14,clear sky
49,Tautira,PF,-17.7333,-149.15,77.04,76,19,15.37,few clouds
50,Zhigansk,RU,66.7697,123.3711,29.16,93,100,18.34,light snow
51,Vidim,RU,56.4088,103.1106,29.5,95,100,4.81,overcast clouds
52,Burns Lake,CA,54.2331,-125.7533,62.02,27,65,3.18,broken clouds
53,Port Blair,IN,11.6667,92.75,80.46,84,100,10.13,overcast clouds
54,Pacific Grove,US,36.6177,-121.9166,75.38,74,20,5.99,few clouds
55,Barrow,US,71.2906,-156.7887,37.42,93,100,8.05,mist
56,Mitsamiouli,KM,-11.3847,43.2844,74.61,78,50,3.65,scattered clouds
57,Kapit,MY,2.0167,112.9333,71.58,98,100,1.14,overcast clouds
58,Port Alfred,ZA,-33.5906,26.891,58.17,90,82,1.01,broken clouds
59,Codrington,AU,-38.2667,141.9667,53.08,96,39,3.74,scattered clouds
60,Inhambane,MZ,-23.865,35.3833,70.47,90,1,1.79,clear sky
61,Cape Town,ZA,-33.9258,18.4232,60.12,73,0,8.05,clear sky
62,Avera,US,33.194,-82.5271,94.55,31,0,5.23,clear sky
63,New Norfolk,AU,-42.7826,147.0587,51.71,77,20,2.37,few clouds
64,Kahului,US,20.8947,-156.47,84.85,73,28,14.0,scattered clouds
65,Oron,NG,4.8256,8.2343,75.13,93,98,4.38,overcast clouds
66,Vestmannaeyjar,IS,63.4427,-20.2734,50.32,86,100,4.92,overcast clouds
67,Barcelos,PT,41.5388,-8.6151,72.84,86,0,1.45,clear sky
68,Avarua,CK,-21.2078,-159.775,77.05,73,75,12.66,broken clouds
69,Mahebourg,MU,-20.4081,57.7,72.25,83,75,10.36,broken clouds
70,Bereda,ES,43.2686,-7.5406,53.15,98,1,3.53,clear sky
71,Itaituba,BR,-4.2761,-55.9836,95.16,49,20,11.5,few clouds
72,La Palma,US,33.8464,-118.0467,89.19,47,0,8.99,clear sky
73,Puerto Carreno,CO,6.189,-67.4859,93.18,52,40,5.75,moderate rain
74,Itaqui,BR,-29.1253,-56.5531,63.64,82,75,12.97,broken clouds
75,Knokke-Heist,BE,51.3333,3.3333,55.02,68,100,5.84,overcast clouds
76,Lithakia,GR,37.7167,20.8333,69.17,49,69,22.03,broken clouds
77,Kilindoni,TZ,-7.9139,39.6668,75.58,75,22,15.41,few clouds
78,Leningradskiy,RU,69.3833,178.4167,36.1,91,76,21.3,broken clouds
79,Chernyshevskiy,RU,63.0128,112.4714,24.24,85,88,2.08,overcast clouds
80,Colares,PT,38.7992,-9.4469,71.76,89,20,11.99,few clouds
81,Karratha,AU,-20.7377,116.8463,69.87,34,0,6.42,light rain
82,Portland,US,45.5234,-122.6762,80.82,44,75,5.75,broken clouds
83,Gushikawa,JP,26.3544,127.8686,78.8,84,0,0.0,clear sky
84,Severo-Kurilsk,RU,50.6789,156.125,49.06,76,10,13.71,clear sky
85,Hami,CN,42.8,93.45,68.05,12,0,7.23,clear sky
86,Jalu,LY,29.0331,21.5482,88.07,17,6,12.93,clear sky
87,Kijang,KR,35.2442,129.2139,58.73,76,51,9.4,broken clouds
88,Manta,EC,-0.95,-80.7333,78.58,73,40,10.36,scattered clouds
89,Tabasco,MX,18.0,-92.6667,87.91,66,75,5.75,broken clouds
90,Hilo,US,19.7297,-155.09,84.25,76,15,5.99,few clouds
91,Porto Novo,BJ,6.4965,2.6036,78.62,90,100,4.85,overcast clouds
92,Butaritari,KI,3.0707,172.7902,79.61,76,90,4.54,light rain
93,Esperance,AU,-33.8667,121.9,53.44,74,98,14.74,overcast clouds
94,Norman Wells,CA,65.282,-126.8329,51.84,76,75,4.61,broken clouds
95,Tocopilla,CL,-22.092,-70.1979,63.05,69,23,13.04,few clouds
96,Salalah,OM,17.0151,54.0924,78.31,85,75,4.83,broken clouds
97,Port Elizabeth,ZA,-33.918,25.5701,61.09,92,0,6.91,clear sky
98,San Quintin,MX,30.4833,-115.95,75.16,66,11,16.75,few clouds
99,Aklavik,CA,68.2191,-135.0107,45.07,71,98,3.87,overcast clouds
100,Asau,RO,46.4333,26.4,45.52,92,99,2.35,overcast clouds
101,Rovaniemi,FI,66.5,25.7167,45.81,93,75,10.36,broken clouds
102,Nemuro,JP,43.3236,145.575,55.99,75,0,3.31,clear sky
103,East London,ZA,-33.0153,27.9116,60.89,79,21,14.45,few clouds
104,Arraial Do Cabo,BR,-22.9661,-42.0278,71.56,83,75,8.05,broken clouds
105,Clyde River,CA,70.4692,-68.5914,32.23,69,75,2.3,broken clouds
106,Lucera,IT,41.5082,15.3351,56.08,50,4,7.47,clear sky
107,Mwene-Ditu,CD,-7.0,23.45,70.72,81,78,2.71,light rain
108,Tutoia,BR,-2.7619,-42.2744,78.78,81,12,13.49,few clouds
109,Inirida,CO,3.8653,-67.9239,74.25,96,98,3.11,overcast clouds
110,Fort Nelson,CA,58.8053,-122.7002,63.99,48,40,4.61,scattered clouds
111,Dunedin,NZ,-45.8742,170.5036,52.81,77,10,0.83,clear sky
112,Korem,ET,12.5058,39.5228,56.88,74,39,0.78,light rain
113,Baran,IN,25.1,76.5167,76.19,89,94,4.18,overcast clouds
114,Hamilton,US,39.1834,-84.5333,95.95,48,1,5.01,clear sky
115,Panalingaan,PH,8.7842,117.4231,78.33,85,100,3.76,overcast clouds
116,Nakusp,CA,50.2499,-117.8023,61.14,48,0,2.3,clear sky
117,Comodoro Rivadavia,AR,-45.8667,-67.5,49.86,71,20,4.61,few clouds
118,Albany,US,42.6001,-73.9662,75.72,72,53,1.01,broken clouds
119,Orotukan,RU,62.2667,151.7,29.3,89,95,5.1,overcast clouds
120,Cayenne,GF,4.9333,-52.3333,84.24,65,0,6.91,clear sky
121,Hithadhoo,MV,-0.6,73.0833,81.36,74,34,6.26,scattered clouds
122,Canton,CN,23.1167,113.25,80.55,73,52,2.24,broken clouds
123,Flin Flon,CA,54.7682,-101.865,49.84,66,75,10.36,broken clouds
124,San Patricio,US,28.017,-97.5169,93.18,43,0,12.35,clear sky
125,Tanout,NE,14.9709,8.8879,90.34,27,67,5.46,broken clouds
126,Kupang,ID,-10.1667,123.5833,77.2,84,46,6.13,scattered clouds
127,Dzaoudzi,YT,-12.7887,45.2699,71.49,88,0,3.44,clear sky
128,Cururupu,BR,-1.8283,-44.8683,77.9,79,28,5.61,scattered clouds
129,Tuktoyaktuk,CA,69.4541,-133.0374,41.0,93,100,18.41,overcast clouds
130,Sakaiminato,JP,35.55,133.2333,58.98,94,75,4.61,broken clouds
131,Yangambi,CD,0.8102,24.4336,70.41,84,98,2.19,overcast clouds
132,Peterhead,GB,57.5058,-1.7981,59.5,80,100,21.09,overcast clouds
133,Dikson,RU,73.5069,80.5464,29.53,78,100,30.82,overcast clouds
134,Tommot,RU,58.9564,126.2925,29.17,89,93,0.89,overcast clouds
135,Tagusao,PH,9.1924,117.8141,78.82,84,100,5.21,overcast clouds
136,Chuy,UY,-33.6971,-53.4616,53.15,74,100,7.27,overcast clouds
137,Turkistan,KZ,43.0,68.0,70.29,21,0,6.08,clear sky
138,Puerto Ayora,EC,-0.7393,-90.3518,76.96,89,73,13.0,broken clouds
139,Kysyl-Syr,RU,63.8986,122.7617,25.97,89,48,8.25,scattered clouds
140,Vao,NC,-22.6667,167.4833,71.85,75,100,12.57,overcast clouds
141,Lida,BY,53.8833,25.2997,44.98,93,75,7.74,broken clouds
142,Nome,US,64.5011,-165.4064,44.67,77,100,24.16,overcast clouds
143,Hermanus,ZA,-34.4187,19.2345,48.79,76,23,3.44,few clouds
144,Komsomolskoye,RU,55.2567,47.5461,55.24,98,100,6.55,overcast clouds
145,Palmer,US,42.1584,-72.3287,76.24,67,6,3.0,clear sky
146,Alice Springs,AU,-23.7,133.8833,45.95,66,2,0.0,clear sky
147,Meulaboh,ID,4.1363,96.1285,74.23,84,100,3.62,overcast clouds
148,Atar,MR,20.5169,-13.0499,96.31,32,13,11.63,few clouds
149,Tecpan,GT,14.7623,-90.9947,60.89,91,91,2.51,overcast clouds
150,Makakilo City,US,21.3469,-158.0858,86.32,62,40,11.5,scattered clouds
151,Kamenka,RU,51.3223,42.7678,51.6,80,99,3.24,overcast clouds
152,Singapore,SG,1.2897,103.8501,80.55,86,75,4.61,broken clouds
153,Ekhabi,RU,53.5102,142.9671,45.54,87,99,10.56,overcast clouds
154,Vila,PT,42.0304,-8.1588,60.69,72,0,1.16,clear sky
155,Qaanaaq,GL,77.484,-69.3632,29.41,75,100,5.68,overcast clouds
156,Port Hardy,CA,50.6996,-127.4199,57.38,72,40,3.44,scattered clouds
157,Gweru,ZW,-19.45,29.8167,64.94,66,92,12.15,overcast clouds
158,Beyneu,KZ,45.3167,55.2,70.48,22,0,10.74,clear sky
159,Hasaki,JP,35.7333,140.8333,63.28,63,100,18.54,overcast clouds
160,Labuhan,ID,-6.8844,112.2051,77.41,86,100,6.04,overcast clouds
161,Natal,BR,-5.795,-35.2094,82.62,74,20,14.97,few clouds
162,Sabaudia,IT,41.3003,13.0282,65.91,78,31,5.37,scattered clouds
163,Kavieng,PG,-2.5744,150.7967,81.52,71,99,2.35,overcast clouds
164,Clarence Town,AU,-32.5833,151.7833,61.86,95,100,12.77,moderate rain
165,Lyuban,BY,52.7985,28.0048,45.46,92,70,6.64,broken clouds
166,Souillac,MU,-20.5167,57.5167,71.98,83,75,10.36,broken clouds
167,Kalabo,ZM,-14.97,22.6814,71.47,24,6,6.93,clear sky
168,Kulykivka,UA,51.3735,31.6466,47.7,91,100,6.58,overcast clouds
169,Katsuura,JP,35.1333,140.3,69.01,70,100,19.73,overcast clouds
170,Athabasca,CA,54.7169,-113.2854,66.61,22,65,13.22,broken clouds
171,Lencois Paulista,BR,-22.5986,-48.8003,76.73,66,100,3.91,light rain
172,Christchurch,NZ,-43.5333,172.6333,53.33,81,67,0.0,broken clouds
173,Mugumu,TZ,-1.85,34.7,67.71,64,80,3.67,broken clouds
174,Darnah,LY,32.767,22.6367,76.77,81,24,11.97,few clouds
175,Bayir,TR,37.2687,28.2167,57.72,56,0,4.76,clear sky
176,Fort-Shevchenko,KZ,44.5086,50.263,74.16,42,0,9.62,clear sky
177,La Ronge,CA,55.1001,-105.2842,59.22,41,40,5.75,scattered clouds
178,Bethel,US,41.3712,-73.414,79.36,66,7,4.03,clear sky
179,Martapura,ID,-3.4167,114.85,73.49,100,100,2.3,overcast clouds
180,Turbat,PK,26.0023,63.044,79.83,74,1,5.68,clear sky
181,Panormos,GR,35.4182,24.6909,69.66,77,10,3.76,clear sky
182,Prado,BR,-17.3411,-39.2208,74.37,82,48,14.0,scattered clouds
183,Tiksi,RU,71.6872,128.8694,32.9,99,100,15.9,snow
184,Mar Del Plata,AR,-38.0023,-57.5575,57.09,81,0,11.5,clear sky
185,Weimar,DE,50.9833,11.3167,55.09,66,48,1.86,scattered clouds
186,Fairbanks,US,64.8378,-147.7164,48.22,80,99,1.61,overcast clouds
187,Urubicha,BO,-15.3833,-62.95,100.33,22,81,6.82,broken clouds
188,Tselinnoye,RU,53.0833,85.6667,51.03,64,81,3.87,broken clouds
189,Buraydah,SA,26.326,43.975,86.45,11,9,6.76,clear sky
190,Nizhniy Tsasuchey,RU,50.5167,115.1333,35.35,74,100,11.52,overcast clouds
191,Sao Filipe,CV,14.8961,-24.4956,78.82,77,27,11.83,scattered clouds
192,Sinjar,IQ,36.3209,41.8754,82.71,36,100,5.32,overcast clouds
193,Namibe,AO,-15.1961,12.1522,66.09,86,90,5.21,overcast clouds
194,Ilulissat,GL,69.2167,-51.1,28.92,79,50,7.78,scattered clouds
195,Qom,IR,34.6401,50.8764,81.25,24,4,1.39,clear sky
196,Kobayashi,JP,31.9833,130.9833,62.94,85,99,2.59,overcast clouds
197,Kaitangata,NZ,-46.2817,169.8464,48.43,77,21,2.59,few clouds
198,Tumut,AU,-35.3,148.2167,53.53,88,79,4.76,broken clouds
199,Rio Gallegos,AR,-51.6226,-69.2181,47.86,70,67,26.57,broken clouds
200,Antropovo,RU,58.3988,43.0066,46.11,86,97,6.33,overcast clouds
201,Wanning,CN,18.8003,110.3967,78.15,87,99,3.13,overcast clouds
202,Coquimbo,CL,-29.9533,-71.3436,64.13,51,0,18.41,clear sky
203,Port-Cartier,CA,50.0334,-66.8654,50.22,94,100,7.07,overcast clouds
204,Sitka,US,57.0531,-135.33,62.73,71,100,7.29,overcast clouds
205,Gimbi,ET,9.1667,35.8333,54.86,93,98,1.54,light rain
206,Kavaratti,IN,10.5669,72.642,80.87,74,0,10.67,clear sky
207,Yako,BF,12.9667,-2.2667,76.62,83,47,5.91,scattered clouds
208,Juneau,US,58.3019,-134.4197,56.1,98,100,4.52,overcast clouds
209,Yatou,CN,37.15,122.3833,59.9,73,0,8.93,clear sky
210,Manali,IN,13.1667,80.2667,84.29,68,62,11.36,broken clouds
211,Victoria,HK,22.2855,114.1577,82.45,76,99,8.99,overcast clouds
212,Labrea,BR,-7.2586,-64.7981,95.99,31,64,3.69,broken clouds
213,Nisia Floresta,BR,-6.0911,-35.2086,82.78,81,2,8.63,clear sky
214,Smidovich,RU,48.6,133.8167,45.86,86,41,8.12,scattered clouds
215,Torbay,CA,47.6666,-52.7314,56.28,80,75,13.8,broken clouds
216,Saldanha,ZA,-33.0117,17.9442,51.85,84,12,5.61,few clouds
217,Sulangan,PH,11.1373,123.7228,82.67,75,98,7.25,overcast clouds
218,Cidreira,BR,-30.1811,-50.2056,63.16,84,80,12.28,moderate rain
219,Madaoua,NE,14.073,5.96,89.13,46,32,5.91,scattered clouds
220,Bashmakovo,RU,53.2133,43.0342,54.23,84,100,3.58,overcast clouds
221,Santa Rosa,PH,14.3122,121.1114,80.58,90,100,7.43,overcast clouds
222,Cabo San Lucas,MX,22.8909,-109.9124,86.18,73,12,8.32,few clouds
223,Byron Bay,AU,-28.65,153.6167,64.36,90,100,17.96,light rain
224,Damietta,EG,31.4165,31.8133,78.69,64,0,7.4,clear sky
225,Nanakuli,US,21.3906,-158.1547,87.75,65,85,8.12,overcast clouds
226,Arlit,NE,18.7369,7.3853,88.34,38,45,14.99,light rain
227,Katherine,AU,-14.4667,132.2667,80.92,65,57,1.14,broken clouds
228,Noyabrsk,RU,63.1994,75.4507,49.33,82,96,18.41,overcast clouds
229,Bambanglipuro,ID,-7.95,110.2833,76.05,90,100,9.84,overcast clouds
230,Constitucion,CL,-35.3333,-72.4167,53.29,62,37,12.28,scattered clouds
231,Dubbo,AU,-32.25,148.6167,55.53,94,100,6.91,overcast clouds
232,Ouesso,CG,1.6136,16.0517,71.64,97,99,0.63,moderate rain
233,Bastia,FR,42.6667,9.3333,70.3,63,20,4.61,few clouds
234,Bac Lieu,VN,9.285,105.7244,78.62,85,100,11.5,light rain
235,Onverwacht,SR,5.5833,-55.1833,83.86,84,40,6.91,thunderstorm
236,Fergus Falls,US,46.283,-96.0776,61.86,55,75,19.57,broken clouds
237,Upernavik,GL,72.7868,-56.1549,33.31,75,99,4.36,overcast clouds
238,Tarakan,ID,3.3,117.6333,72.9,100,40,0.0,scattered clouds
239,Kangaatsiaq,GL,68.3065,-53.4641,35.22,97,100,6.15,light snow
240,Linxia,CN,35.6003,103.2064,57.7,51,100,3.36,overcast clouds
241,Biankouma,CI,7.7391,-7.6138,68.88,98,86,3.24,light rain
242,Kjollefjord,NO,70.9457,27.3465,50.05,93,100,16.11,moderate rain
243,Otavi,NA,-19.65,17.3333,67.98,16,0,5.3,clear sky
244,Tasiilaq,GL,65.6145,-37.6368,37.56,92,63,4.54,broken clouds
245,Pangody,RU,65.85,74.4859,39.96,77,96,14.79,overcast clouds
246,Nanortalik,GL,60.1432,-45.2371,42.91,70,13,7.38,few clouds
247,Hope,US,33.6671,-93.5916,96.08,24,6,5.53,clear sky
248,Cascais,PT,38.6979,-9.4215,71.94,92,20,11.99,few clouds
249,Tashigang,BT,27.3331,91.5542,67.89,90,50,2.86,scattered clouds
250,Saint George,US,37.1041,-113.5841,88.43,35,75,23.02,broken clouds
251,College,US,64.8569,-147.8028,48.2,80,99,1.54,overcast clouds
252,Iqaluit,CA,63.7506,-68.5145,38.93,93,100,0.0,overcast clouds
253,Adrar,MR,20.5022,-10.0711,92.37,38,72,12.82,broken clouds
254,Bonavista,CA,48.6499,-53.1147,53.44,77,98,18.05,overcast clouds
255,Adre,TD,13.4667,22.2,78.22,64,95,0.4,overcast clouds
256,Flinders,AU,-34.5833,150.8552,63.37,90,98,5.99,light rain
257,Dengzhou,CN,37.8086,120.7508,61.45,77,0,12.41,clear sky
258,Jacqueville,CI,5.2052,-4.4146,75.99,90,36,5.99,scattered clouds
259,Tabuk,PH,17.4189,121.4443,71.35,94,99,2.17,overcast clouds
260,Jabinyanah,TN,35.035,10.9081,78.48,58,100,8.19,overcast clouds
261,Sobolevo,RU,54.4299,31.8996,47.03,96,100,9.15,overcast clouds
262,Margate,GB,51.3813,1.3862,59.7,73,35,1.01,scattered clouds
263,Ahar,IR,38.4774,47.0699,67.14,38,49,5.41,scattered clouds
264,Sept-Iles,CA,50.2001,-66.3821,50.52,97,100,11.5,mist
265,Alta Floresta,BR,-9.8756,-56.0861,78.62,83,75,10.36,broken clouds
266,Lavrentiya,RU,65.5833,-171.0,40.32,97,100,26.91,moderate rain
267,Murwillumbah,AU,-28.3167,153.4,66.22,94,100,16.11,light intensity shower rain
268,Phek,IN,25.6667,94.5,57.83,99,88,0.69,overcast clouds
269,Xuddur,SO,4.1213,43.8894,75.0,75,45,15.7,scattered clouds
270,Lorengau,PG,-2.0226,147.2712,78.91,80,91,4.21,overcast clouds
271,Naisud,PH,11.8058,122.1939,74.12,84,100,9.28,overcast clouds
272,Moree,AU,-29.4667,149.85,57.22,94,40,5.75,scattered clouds
273,Haveri,IN,14.8,75.4,65.93,97,100,7.61,overcast clouds
274,Bathsheba,BB,13.2167,-59.5167,80.98,80,100,19.1,overcast clouds
275,Kodiak,US,57.79,-152.4072,52.2,57,2,5.08,clear sky
276,Poronaysk,RU,49.2167,143.1167,49.41,83,0,10.56,clear sky
277,Takoradi,GH,4.8845,-1.7554,75.16,90,74,5.84,broken clouds
278,Bourail,NC,-21.5667,165.4833,72.72,74,23,3.98,few clouds
279,Ugoofaaru,MV,5.6667,73.0,81.9,72,23,9.15,few clouds
280,Verkhnevilyuysk,RU,63.4453,120.3167,25.27,87,50,6.85,scattered clouds
281,Xicotencatl,MX,23.0167,-98.8833,91.47,45,8,2.1,clear sky
282,Batticaloa,LK,7.7102,81.6924,79.11,76,6,3.29,clear sky
283,Fortuna,US,40.5982,-124.1573,69.93,75,100,1.99,overcast clouds
284,Brandfort,ZA,-28.7001,26.4597,48.52,42,18,3.24,few clouds
285,Klyuchevskiy,RU,53.5317,119.4519,36.82,94,100,3.91,overcast clouds
286,Suifenhe,CN,44.4,131.1667,43.59,97,97,3.58,overcast clouds
287,Straseni,MD,47.1414,28.6103,45.43,99,20,5.23,light rain
288,Tall Kayf,TR,37.0833,41.0667,77.86,43,94,6.2,overcast clouds
289,Ahipara,NZ,-35.1667,173.1667,58.6,78,17,6.46,few clouds
290,Northam,GB,51.0333,-4.2167,53.26,90,100,8.1,overcast clouds
291,Aksarka,RU,66.5606,67.7975,38.19,73,21,19.91,few clouds
292,Katobu,ID,-4.9408,122.5276,73.96,92,84,1.43,broken clouds
293,Kruisfontein,ZA,-34.0033,24.7314,54.88,57,23,4.23,few clouds
294,Masuguru,TZ,-11.3667,38.4167,74.01,66,27,7.94,scattered clouds
295,Baruun-Urt,MN,46.6806,113.2792,35.64,63,100,14.92,overcast clouds
296,Kundiawa,PG,-6.0167,144.9667,61.03,96,100,2.26,overcast clouds
297,Coos Bay,US,43.3665,-124.2179,68.31,100,100,7.58,overcast clouds
298,Bairiki,KI,1.3292,172.9752,82.4,78,40,4.61,light rain
299,Belyy Yar,RU,53.6039,91.3903,41.86,91,0,0.0,clear sky
300,Camacupa,AO,-12.0167,17.4833,68.45,68,100,4.32,overcast clouds
301,Slavutych,UA,51.5196,30.7343,46.63,95,100,4.83,overcast clouds
302,Sola,VU,-13.8833,167.55,79.3,75,15,9.46,few clouds
303,Evensk,RU,61.95,159.2333,41.65,67,100,5.68,overcast clouds
304,Nishihara,JP,26.1842,127.7558,78.08,83,41,4.61,scattered clouds
305,Olafsvik,IS,64.8945,-23.7142,49.96,87,100,2.21,overcast clouds
306,Itarema,BR,-2.9248,-39.9167,78.01,81,20,17.18,few clouds
307,Penha,BR,-26.7694,-48.6458,61.93,92,100,2.8,heavy intensity rain
308,Hobyo,SO,5.3505,48.5268,76.69,92,80,21.72,broken clouds
309,Guerrero Negro,MX,27.9769,-114.0611,80.51,56,17,13.04,few clouds
310,Yar-Sale,RU,66.8333,70.8333,37.98,80,52,18.48,broken clouds
311,Faanui,PF,-16.4833,-151.75,78.48,73,7,20.51,light rain
312,Westport,US,41.1415,-73.3579,80.94,61,6,4.0,clear sky
313,Americus,US,32.0724,-84.2327,93.65,26,0,8.01,clear sky
314,Dzidzantun,MX,21.25,-89.05,86.14,59,17,8.59,few clouds
315,Khatanga,RU,71.9667,102.5,22.28,78,68,17.07,broken clouds
316,Necochea,AR,-38.5473,-58.7368,52.7,60,67,10.38,broken clouds
317,Narsaq,GL,60.9167,-46.05,46.62,67,41,2.86,scattered clouds
318,Marienburg,PL,54.0359,19.0266,50.88,80,82,5.59,moderate rain
319,Tikrit,IQ,34.6071,43.6782,89.13,28,75,6.6,broken clouds
320,Pombas,CV,17.1503,-25.0201,76.78,74,12,11.72,few clouds
321,Port-Gentil,GA,-0.7193,8.7815,78.76,83,75,12.66,broken clouds
322,Ponta Do Sol,PT,32.6667,-17.1,75.0,83,52,6.53,broken clouds
323,Mayo,US,38.8876,-76.5119,88.36,63,0,10.36,clear sky
324,Akonolinga,CM,3.7667,12.25,67.21,99,71,1.5,moderate rain
325,Henties Bay,NA,-22.116,14.2845,57.74,78,0,9.57,clear sky
326,Udachnyy,RU,66.4167,112.4,7.86,98,62,3.96,broken clouds
327,Mana,GF,5.6592,-53.7767,80.96,81,44,12.37,scattered clouds
328,Lata,PT,40.1629,-8.3327,65.39,87,1,1.57,clear sky
329,Pucallpa,PE,-8.3791,-74.5539,98.96,29,89,3.22,overcast clouds
330,Kosh-Agach,RU,50.0,88.6667,41.58,61,1,1.54,clear sky
331,Cairns,AU,-16.9167,145.7667,71.55,91,68,3.44,broken clouds
332,Talara,PE,-4.5772,-81.2719,66.15,79,100,22.32,overcast clouds
333,Paamiut,GL,61.994,-49.6678,42.75,72,96,17.58,overcast clouds
334,Naryan-Mar,RU,67.6713,53.087,36.91,77,33,15.55,scattered clouds
335,Tsiroanomandidy,MG,-18.7667,46.0333,64.44,62,0,6.08,clear sky
336,Poum,NC,-20.2333,164.0167,75.49,74,9,7.52,clear sky
337,Amuntai,ID,-2.4177,115.2494,72.37,96,100,0.87,overcast clouds
338,Karwar,IN,14.8,74.1333,75.92,83,100,6.02,overcast clouds
339,Pentecoste,BR,-3.7928,-39.2703,78.94,70,8,10.87,clear sky
340,Talnakh,RU,69.4865,88.3972,30.02,96,100,16.31,snow
341,Naze,JP,28.3667,129.4833,76.64,84,39,12.48,light rain
342,Okhotsk,RU,59.3833,143.3,37.72,49,0,24.79,clear sky
343,Haag,NL,52.0767,4.2986,53.94,87,93,1.14,overcast clouds
344,Spas-Klepiki,RU,55.1347,40.1767,49.66,88,82,4.47,broken clouds
345,Salonta,RO,46.8,21.65,50.9,86,92,2.28,light rain
346,Milicz,PL,51.5277,17.2714,55.11,80,93,5.35,overcast clouds
347,Adiake,CI,5.2863,-3.304,74.88,89,36,4.56,scattered clouds
348,Lompoc,US,34.6391,-120.4579,78.94,64,40,11.5,scattered clouds
349,Itoman,JP,26.1247,127.6694,78.82,83,44,4.61,scattered clouds
350,Hirara,JP,24.8,125.2833,79.48,63,12,10.27,few clouds
351,Kurilsk,RU,45.2333,147.8833,53.24,70,0,7.02,clear sky
352,Axim,GH,4.8699,-2.2405,75.43,89,69,5.12,broken clouds
353,Nikolskoye,RU,59.7035,30.7861,49.89,97,15,3.89,few clouds
354,Longyearbyen,SJ,78.2186,15.6401,33.64,75,40,25.32,scattered clouds
355,Lasa,IT,46.6166,10.7002,47.7,85,8,1.07,clear sky
356,Tornio,FI,65.8481,24.1466,50.02,79,100,13.02,overcast clouds
357,Worcester,US,42.3334,-71.8328,71.56,71,40,10.36,scattered clouds
358,Komsomolskiy,UZ,40.4272,71.7189,68.72,42,44,6.91,scattered clouds
359,Dingle,PH,10.9995,122.6711,74.53,90,100,1.57,overcast clouds
360,Bambous Virieux,MU,-20.3428,57.7575,71.85,83,75,14.97,light rain
361,Bermejo,AR,-32.8833,-68.8,55.15,33,8,2.1,clear sky
362,Albion,US,42.2431,-84.753,84.06,60,40,9.22,scattered clouds
363,Hofn,IS,64.2539,-15.2082,51.19,80,100,3.62,overcast clouds
364,Luderitz,NA,-26.6481,15.1594,62.91,40,0,5.19,clear sky
365,Sinnamary,GF,5.3833,-52.95,81.19,80,8,14.5,clear sky
366,Benin,BJ,9.5,2.25,73.89,90,94,2.48,overcast clouds
367,Isangel,VU,-19.55,169.2667,77.05,78,9,5.14,clear sky
368,Emerald,AU,-23.5333,148.1667,68.14,100,100,4.61,overcast clouds
369,Vardo,NO,70.3705,31.1107,44.58,87,75,18.41,light rain
370,Malakal,SS,9.5334,31.6605,69.57,92,100,6.76,light rain
371,Coihaique,CL,-45.5752,-72.0662,50.61,50,40,8.05,scattered clouds
372,Staroye Drozhzhanoye,RU,54.7266,47.5677,56.26,98,99,7.27,overcast clouds
373,Nuuk,GL,64.1835,-51.7216,50.61,50,75,25.32,broken clouds
374,Puerto Maldonado,PE,-12.6,-69.1833,95.4,46,0,6.91,clear sky
375,Qaqortoq,GL,60.7167,-46.0333,42.19,76,39,4.21,scattered clouds
376,Luis Correia,BR,-2.8792,-41.6669,82.4,78,75,17.27,broken clouds
377,Omboue,GA,-1.5746,9.2618,75.88,86,100,9.35,overcast clouds
378,Saiha,IN,22.4833,92.9667,70.32,99,90,1.5,overcast clouds
379,Qasigiannguit,GL,68.8193,-51.1922,35.85,78,68,6.24,broken clouds
380,Liaoyang,CN,41.2719,123.1731,57.52,74,0,9.86,clear sky
381,Oussouye,SN,12.485,-16.5469,75.69,93,100,7.36,light rain
382,Burgos,ES,42.3394,-3.7079,54.01,66,0,8.05,clear sky
383,Bekhtery,UA,46.251,32.2927,59.81,48,100,5.1,overcast clouds
384,Fare,PF,-16.7,-151.0167,78.71,69,2,19.73,clear sky
385,Deer Lake,CA,49.1667,-57.4316,56.71,71,100,9.64,overcast clouds
386,Shelburne,CA,44.0787,-80.2041,77.13,63,79,16.73,broken clouds
387,Camacha,PT,33.0833,-16.3333,71.02,78,20,6.91,few clouds
388,Mananjary,MG,-21.2167,48.3333,66.63,92,25,3.22,light rain
389,La Encarnacion,HN,14.6667,-89.0833,71.82,91,100,1.57,overcast clouds
390,Lianzhou,CN,24.7811,112.3825,71.4,63,21,1.83,few clouds
391,Mikuni,JP,36.2171,136.1519,66.31,72,100,1.25,overcast clouds
392,Ritchie,ZA,-29.038,24.6028,54.34,33,9,0.36,clear sky
393,Yarmouth,US,41.7057,-70.2286,67.14,77,100,6.91,overcast clouds
394,Griffith,US,41.5284,-87.4237,87.73,64,0,9.22,clear sky
395,Pahrump,US,36.2083,-115.9839,86.05,22,0,14.0,clear sky
396,Alta,NO,69.9689,23.2717,47.46,93,100,3.44,overcast clouds
397,Pyinmana,MM,19.7333,96.2167,73.65,95,31,2.17,scattered clouds
398,Tabas,IR,33.5959,56.9244,80.65,13,0,3.13,clear sky
399,Richards Bay,ZA,-28.783,32.0377,60.39,84,58,4.54,broken clouds
400,Manzanillo,CU,20.3433,-77.1167,88.52,57,28,10.31,scattered clouds
401,Kattivakkam,IN,13.2167,80.3167,84.29,68,60,11.41,broken clouds
402,Otane,NZ,-39.8833,176.6333,54.01,95,100,5.08,overcast clouds
403,Tambun,ID,-6.2641,107.0712,80.49,80,52,2.01,broken clouds
404,Numan,NG,9.4667,12.0333,75.58,88,56,1.74,broken clouds
405,Port Hawkesbury,CA,45.6169,-61.3485,66.96,98,100,9.22,overcast clouds
406,Ranot,TH,7.7777,100.3213,80.29,79,100,11.32,overcast clouds
407,Colorado Springs,US,38.8339,-104.8214,69.8,64,100,18.41,overcast clouds
408,Khandyga,RU,62.6667,135.6,25.29,97,18,4.45,few clouds
409,Nalut,LY,30.3333,10.85,83.52,46,3,14.27,clear sky
410,Broome,US,42.2506,-75.833,79.47,63,40,10.36,scattered clouds
411,Murgab,TM,37.4966,61.9714,74.3,18,0,7.9,clear sky
412,Lebu,CL,-37.6167,-73.65,50.56,72,52,6.89,light rain
413,Ust-Kuyga,RU,70.0167,135.6,32.16,98,100,8.14,light snow
414,Aksu,CN,41.1231,80.2644,72.36,30,86,5.19,overcast clouds
415,Ketchikan,US,55.3422,-131.6461,64.87,68,0,5.75,clear sky
416,Syava,RU,58.0146,46.3222,46.8,94,60,6.44,light rain
417,Roald,NO,62.5833,6.1333,61.72,72,0,5.75,clear sky
418,Solnechnyy,RU,50.7214,136.6319,43.48,87,100,5.57,overcast clouds
419,Ngunguru,NZ,-35.6167,174.5,56.43,83,39,6.8,scattered clouds
420,Tha Chang,TH,9.2642,99.1922,75.24,89,58,5.08,broken clouds
421,Merauke,ID,-8.4667,140.3333,77.45,88,99,10.09,overcast clouds
422,Beloha,MG,-25.1667,45.05,73.0,51,0,12.35,clear sky
423,Venado Tuerto,AR,-33.7456,-61.9688,59.77,33,99,9.89,overcast clouds
424,Bilibino,RU,68.0546,166.4372,36.86,77,96,9.69,overcast clouds
425,Soma,TR,39.1855,27.6094,58.08,71,5,8.57,clear sky
426,Dalen,NL,52.6992,6.7556,51.06,82,57,1.72,broken clouds
427,Port Angeles,US,48.1181,-123.4307,77.54,32,0,5.75,clear sky
428,Fort Abbas,PK,29.1925,72.8536,88.5,52,1,7.92,clear sky
429,San Carlos De Bariloche,AR,-41.1456,-71.3082,44.35,53,40,24.16,scattered clouds
430,Pervomayskiy,RU,53.2485,40.2871,48.81,91,12,4.34,few clouds
431,San Miguel,SV,13.4833,-88.1833,77.32,96,100,1.74,overcast clouds
432,Maniitsoq,GL,65.4167,-52.9,40.01,83,100,16.62,overcast clouds
433,Mokhsogollokh,RU,61.4681,128.9203,27.21,87,71,8.25,broken clouds
434,Sovetskiy,RU,61.3614,63.5842,49.37,77,77,11.52,broken clouds
435,Marzuq,YE,14.4,46.4667,80.85,53,96,3.13,overcast clouds
436,Dudinka,RU,69.4058,86.1778,35.11,97,100,20.76,snow
437,Pathein,MM,16.7833,94.7333,76.78,92,100,5.82,overcast clouds
438,Newport,GB,51.5877,-2.9984,59.68,78,89,6.04,overcast clouds
439,Bani Walid,LY,31.7566,13.9942,74.08,78,6,11.83,clear sky
440,Sistranda,NO,63.7256,8.834,49.96,67,100,11.03,overcast clouds
441,Kangundo,KE,-1.2979,37.3471,64.74,69,38,7.87,scattered clouds
442,Kenora,CA,49.8167,-94.4337,51.78,53,100,13.0,overcast clouds
443,Balabac,PH,7.9868,117.0645,80.92,75,100,2.95,light rain
444,Leshukonskoye,RU,64.8989,45.7622,35.91,93,38,3.98,scattered clouds
445,Samarai,PG,-10.6167,150.6667,78.73,85,100,10.42,overcast clouds
446,Dali,CN,25.7,100.1833,59.7,93,100,2.55,overcast clouds
447,Ambunti,PG,-4.2365,142.8448,72.25,99,100,1.41,overcast clouds
448,Sampit,ID,-2.5333,112.95,73.71,96,100,1.74,overcast clouds
449,Destin,US,30.3935,-86.4958,94.12,60,0,9.22,clear sky
450,Lagoa,PT,39.05,-27.9833,73.78,83,31,10.87,scattered clouds
451,Gouyave,GD,12.1646,-61.7296,80.35,81,98,20.78,overcast clouds
452,Cockburn Town,TC,21.4612,-71.1419,83.34,80,100,22.15,overcast clouds
453,Sadat,IN,25.6833,83.2833,78.75,90,5,9.35,clear sky
454,Carutapera,BR,-1.195,-46.02,80.38,71,17,10.2,few clouds
455,Verkhneuralsk,RU,53.8769,59.2106,55.92,34,99,2.24,overcast clouds
456,Turukhansk,RU,65.8167,87.9833,40.71,98,100,16.31,light rain
457,Gemena,CD,3.25,19.7667,70.56,97,100,0.58,overcast clouds
458,Labytnangi,RU,66.6572,66.4183,38.34,74,70,20.67,broken clouds
459,Qandala,SO,11.472,49.8728,88.99,57,62,8.79,broken clouds
460,Kontagora,NG,10.3999,5.4695,73.0,96,100,2.42,moderate rain
461,Husavik,IS,66.0449,-17.3389,46.18,93,99,5.64,overcast clouds
462,La Asuncion,VE,11.0333,-63.8628,81.9,78,89,8.32,overcast clouds
463,Havre-Saint-Pierre,CA,50.2334,-63.5986,52.16,93,100,12.66,mist
464,Sao Joao Da Barra,BR,-21.6403,-41.0511,75.29,84,69,7.72,broken clouds
465,Bud,US,39.447,-86.1758,92.62,55,8,12.91,clear sky
466,Te Anau,NZ,-45.4167,167.7167,45.82,85,77,0.94,broken clouds
467,Mercedes,AR,-34.6515,-59.4307,62.04,38,100,6.93,overcast clouds
468,Chibombo,ZM,-14.6569,28.0706,76.48,28,5,9.15,clear sky
469,Egvekinot,RU,66.3167,-179.1667,32.83,98,100,12.24,snow
470,Esmeraldas,BR,-19.7625,-44.3139,81.46,58,97,4.76,overcast clouds
471,Copiapo,CL,-27.3667,-70.3333,56.89,23,0,6.29,clear sky
472,Akhmim,EG,26.5622,31.745,81.77,34,0,10.96,clear sky
473,Podgorodnyaya Pokrovka,RU,51.8281,54.9874,51.93,24,88,4.63,overcast clouds
474,Sao Gabriel Da Cachoeira,BR,-0.1303,-67.0892,89.47,53,83,2.35,broken clouds
475,Ponta Delgada,PT,37.7333,-25.6667,78.49,88,20,3.44,few clouds
476,Ulladulla,AU,-35.35,150.4667,59.9,94,97,6.58,overcast clouds
477,Berlevag,NO,70.8578,29.0864,48.2,81,75,23.02,broken clouds
478,Vanimo,PG,-2.6741,141.3028,76.62,88,94,4.18,overcast clouds
479,Santa Cruz,BO,-17.8,-63.1667,85.46,65,40,13.8,scattered clouds
480,Half Moon Bay,US,37.4636,-122.4286,75.88,76,0,12.66,clear sky
481,Rafsanjan,IR,30.4067,55.9939,75.94,14,1,4.32,clear sky
482,Spassk-Ryazanskiy,RU,54.4072,40.3806,49.08,89,53,4.68,broken clouds
483,Andenes,NO,69.3143,16.1194,51.78,93,75,10.36,broken clouds
484,Chihuahua,MX,28.5,-106.0,84.2,37,28,7.99,scattered clouds
485,North Bend,US,43.4065,-124.2243,70.25,91,75,8.05,broken clouds
486,Yerbogachen,RU,61.2767,108.0108,28.63,93,100,3.0,overcast clouds
487,Moron,AR,-34.6534,-58.6198,61.05,58,90,5.48,overcast clouds
488,Bengkulu,ID,-3.8004,102.2655,73.94,90,49,2.93,light rain
489,Jeremie,HT,18.65,-74.1167,84.67,74,78,8.75,broken clouds
490,Nago,JP,26.5881,127.9761,73.45,85,61,3.78,broken clouds
491,Buzmeyin,TM,38.0507,58.2056,78.85,20,0,1.41,clear sky
492,Pendleton,US,45.6721,-118.7886,71.83,38,0,9.22,clear sky
493,Bousso,TD,10.4795,16.7117,76.39,82,69,3.02,broken clouds
494,Innisfail,AU,-17.5333,146.0333,71.89,89,96,3.74,overcast clouds
495,Seoul,KR,37.5683,126.9778,62.04,57,48,3.94,scattered clouds
496,Caravelas,BR,-17.7125,-39.2481,74.28,82,57,11.45,broken clouds
497,Sapa,PH,5.1544,120.3241,80.71,75,100,1.39,overcast clouds
498,Lazaro Cardenas,MX,17.9583,-102.2,82.78,75,97,4.85,overcast clouds
499,Kieta,PG,-6.2167,155.6333,77.16,80,100,3.42,overcast clouds
500,Port Lincoln,AU,-34.7333,135.8667,52.97,86,96,3.96,overcast clouds
501,Onzaga,CO,6.3443,-72.8173,64.8,81,100,2.86,overcast clouds
502,Aktau,KZ,43.65,51.2,64.98,30,1,9.48,clear sky
503,Alamos,MX,27.0167,-108.9333,92.79,48,3,6.06,clear sky
504,Sibolga,ID,1.7427,98.7792,72.66,96,100,9.4,light rain
505,Atasu,KZ,48.6814,71.6433,60.8,45,0,9.22,clear sky
506,Abu Kamal,SY,34.4506,40.9171,83.55,33,3,4.81,clear sky
507,Arman,RU,59.7,150.1667,35.02,65,1,10.6,clear sky
508,Salisbury,GB,51.0693,-1.7957,55.81,81,0,4.61,clear sky
509,Takapau,NZ,-40.0333,176.35,50.74,98,100,2.28,overcast clouds
510,Tuatapere,NZ,-46.1333,167.6833,48.65,79,14,2.39,few clouds
511,Poopo,BO,-18.3667,-66.9667,65.17,4,20,17.11,few clouds
512,Snyder,US,32.7179,-100.9176,96.1,27,0,9.22,clear sky
513,Qianguo,CN,45.1171,124.8568,56.82,60,37,21.27,scattered clouds
514,San Cristobal,VE,7.7669,-72.225,75.38,74,81,1.5,broken clouds
515,Sungaipenuh,ID,-2.0833,101.3833,62.71,98,90,1.99,overcast clouds
516,Marathon,US,44.9,-89.7668,65.17,56,75,18.41,broken clouds
517,Raduzhnyy,RU,62.0961,77.475,49.73,78,13,12.82,few clouds
518,Dakoro,NE,14.5106,6.765,92.16,31,74,5.06,broken clouds
519,Karasjok,NO,69.4719,25.5112,41.45,90,100,4.94,overcast clouds
520,Kaniama,CD,-7.5667,24.1833,69.84,82,97,1.68,light rain
521,Gat,IL,31.61,34.7642,77.68,100,0,5.46,clear sky
522,Kharp,RU,66.8014,65.8081,36.43,84,97,22.12,light rain
523,Kautokeino,NO,69.0125,23.0412,42.03,88,100,3.76,overcast clouds
524,Yarada,IN,17.65,83.2667,80.92,89,40,2.3,mist
525,Iisalmi,FI,63.5592,27.1907,38.28,79,95,3.31,overcast clouds
526,Bolshaya Dzhalga,RU,45.9695,42.6966,61.05,94,100,4.54,moderate rain
527,Patan,NP,27.6667,85.3333,70.18,88,75,3.44,broken clouds
528,Chokurdakh,RU,70.6333,147.9167,31.71,94,100,10.4,overcast clouds
529,Vila Franca Do Campo,PT,37.7167,-25.4333,78.19,87,64,1.12,broken clouds
530,Kapoeta,SS,4.7717,33.5903,81.79,40,43,8.55,scattered clouds
531,Zemio,CF,5.0314,25.1361,70.39,95,100,1.19,light rain
532,Troitsko-Pechorsk,RU,62.7084,56.1964,40.32,95,12,6.31,few clouds
533,Pueblo,US,38.2545,-104.6091,70.56,48,100,18.41,overcast clouds
534,Kandi,BJ,11.1342,2.9386,74.57,92,74,2.59,broken clouds
535,Livingston,GB,55.9029,-3.5226,60.48,81,100,11.5,overcast clouds
536,Sao Felix Do Xingu,BR,-6.6447,-51.995,88.81,37,83,2.13,broken clouds
537,Laguna,US,38.421,-121.4238,79.09,59,75,3.44,broken clouds
538,Saint Anthony,US,45.0205,-93.218,67.75,52,40,25.32,scattered clouds
539,Xining,CN,36.6167,101.7667,50.43,69,91,3.24,overcast clouds
540,Juybar,IR,36.6412,52.9124,71.76,71,0,3.4,clear sky
541,Lixourion,GR,38.2019,20.4314,70.57,50,64,22.17,broken clouds
542,Uyuni,BO,-20.4597,-66.825,54.55,8,15,27.47,few clouds
543,Cayambe,EC,0.05,-78.1333,58.26,72,95,1.48,light rain
544,Dhidhdhoo,MV,6.8833,73.1,81.36,75,4,10.04,clear sky
545,Pundaguitan,PH,6.3711,126.1689,82.76,70,100,3.2,overcast clouds
546,Panzhihua,CN,26.5851,101.7128,66.52,94,68,1.28,broken clouds
547,Bheramara,BD,24.0232,88.9925,77.65,95,31,6.22,scattered clouds
548,Carupano,VE,10.6678,-63.2585,81.43,81,98,5.17,overcast clouds
549,Dallas,US,32.7668,-96.7836,100.49,37,20,10.36,few clouds
550,Ambilobe,MG,-13.2,49.05,72.99,70,51,3.2,broken clouds
551,Atbasar,KZ,51.8,68.3333,63.97,46,0,3.71,clear sky
552,Ust-Nera,RU,64.5667,143.2,25.03,96,100,5.7,overcast clouds
553,Bandarbeyla,SO,9.4942,50.8122,77.74,87,73,20.71,broken clouds
554,Wajima,JP,37.4,136.9,67.57,68,100,16.55,overcast clouds
555,Victor Harbor,AU,-35.5667,138.6167,49.68,93,74,1.83,broken clouds
556,Moranbah,AU,-22.0016,148.0466,70.84,76,97,13.04,overcast clouds
